999	Q0	6094	1	52.50039792361732	SimBa
999	Q0	6096	1	41.02507082761087	SimBa
999	Q0	663	1	40.55057579872796	SimBa
999	Q0	8006	1	40.2693270536521	SimBa
999	Q0	1068	1	39.82167071639817	SimBa
1000	Q0	6094	1	53.59435937159468	SimBa
1000	Q0	8678	1	41.09888584644111	SimBa
1000	Q0	8003	1	40.83787888231498	SimBa
1000	Q0	1258	1	40.485916291102235	SimBa
1000	Q0	875	1	39.44282977313436	SimBa
1001	Q0	582	1	50.15999702085367	SimBa
1001	Q0	3019	1	44.10713288883047	SimBa
1001	Q0	5199	1	44.03379248877412	SimBa
1001	Q0	5136	1	40.875039984393425	SimBa
1001	Q0	6186	1	40.36329695896967	SimBa
1002	Q0	8005	1	57.712147435498345	SimBa
1002	Q0	1159	1	48.69640781996153	SimBa
1002	Q0	400	1	44.40430859667205	SimBa
1002	Q0	4939	1	42.87908199917148	SimBa
1002	Q0	8006	1	42.127465262811214	SimBa
1003	Q0	8005	1	52.24032695334119	SimBa
1003	Q0	4939	1	46.18071562019338	SimBa
1003	Q0	1159	1	44.005739860506765	SimBa
1003	Q0	8782	1	40.715978512701085	SimBa
1003	Q0	400	1	40.6614172452376	SimBa
1004	Q0	5463	1	49.48519474475482	SimBa
1004	Q0	9830	1	41.60892961894673	SimBa
1004	Q0	38	1	40.513438663289456	SimBa
1004	Q0	8814	1	40.298746992599874	SimBa
1004	Q0	8828	1	40.21648187978089	SimBa
1005	Q0	6309	1	70.75398626846611	SimBa
1005	Q0	6321	1	51.299808411297555	SimBa
1005	Q0	8920	1	48.09255480397625	SimBa
1005	Q0	6316	1	45.40314192334907	SimBa
1005	Q0	10189	1	44.99529055079108	SimBa
1006	Q0	816	1	50.20988570635218	SimBa
1006	Q0	5334	1	41.11667685308111	SimBa
1006	Q0	921	1	40.0889175481749	SimBa
1006	Q0	1012	1	39.92223252879953	SimBa
1006	Q0	2650	1	39.46122246316064	SimBa
1007	Q0	1783	1	50.522142781510155	SimBa
1007	Q0	6957	1	45.713660765085976	SimBa
1007	Q0	5595	1	42.80409391087022	SimBa
1007	Q0	3589	1	41.869002905465514	SimBa
1007	Q0	6522	1	41.83128186121047	SimBa
1008	Q0	1783	1	43.7175377814172	SimBa
1008	Q0	6957	1	39.83238013347534	SimBa
1008	Q0	3589	1	39.64455653781155	SimBa
1008	Q0	5897	1	38.67656350064742	SimBa
1008	Q0	3199	1	37.381594297630585	SimBa
1009	Q0	1783	1	58.687811741509044	SimBa
1009	Q0	3589	1	44.4465280217218	SimBa
1009	Q0	3834	1	44.435133992440214	SimBa
1009	Q0	3820	1	44.105536143474936	SimBa
1009	Q0	9842	1	43.71311671046476	SimBa
1010	Q0	1783	1	48.71784157481538	SimBa
1010	Q0	6957	1	45.545947324601	SimBa
1010	Q0	3589	1	43.884810608545536	SimBa
1010	Q0	8197	1	43.275679716920365	SimBa
1010	Q0	6522	1	42.47240817386687	SimBa
1011	Q0	6323	1	60.15583356888838	SimBa
1011	Q0	3056	1	41.977710393105255	SimBa
1011	Q0	4708	1	41.03686858998675	SimBa
1011	Q0	1105	1	39.68843732399888	SimBa
1011	Q0	6973	1	39.28926297353511	SimBa
1012	Q0	9192	1	45.13430700189296	SimBa
1012	Q0	8643	1	36.764834154257066	SimBa
1012	Q0	7018	1	35.49880265763526	SimBa
1012	Q0	9059	1	35.49566388136051	SimBa
1012	Q0	4155	1	35.329631686580406	SimBa
1013	Q0	1036	1	39.38951108209946	SimBa
1013	Q0	5436	1	39.232206114860155	SimBa
1013	Q0	1860	1	38.88567531010973	SimBa
1013	Q0	9479	1	38.811906155762074	SimBa
1013	Q0	4012	1	38.78270023002551	SimBa
1014	Q0	874	1	52.655954406290036	SimBa
1014	Q0	3	1	52.0882874005664	SimBa
1014	Q0	6539	1	40.96334654742074	SimBa
1014	Q0	5699	1	40.055294328284354	SimBa
1014	Q0	7644	1	39.87170692643034	SimBa
1015	Q0	8736	1	53.613227818255154	SimBa
1015	Q0	4404	1	45.89382924758285	SimBa
1015	Q0	3417	1	45.32530820431545	SimBa
1015	Q0	1008	1	45.181206011643894	SimBa
1015	Q0	997	1	43.46696807839039	SimBa
1016	Q0	10315	1	39.87458088405198	SimBa
1016	Q0	397	1	33.909383411741956	SimBa
1016	Q0	413	1	33.839447411159696	SimBa
1016	Q0	3483	1	33.70275394175744	SimBa
1016	Q0	6595	1	33.664748058760296	SimBa
1017	Q0	10315	1	51.64662437770514	SimBa
1017	Q0	6651	1	38.502787433205796	SimBa
1017	Q0	424	1	37.79576896387272	SimBa
1017	Q0	4517	1	37.27442525927979	SimBa
1017	Q0	7551	1	36.990486789453016	SimBa
1018	Q0	7337	1	38.98791658858609	SimBa
1018	Q0	716	1	34.40107031805154	SimBa
1018	Q0	7389	1	34.06461580587154	SimBa
1018	Q0	9198	1	33.576838402944574	SimBa
1018	Q0	2983	1	33.47856676732076	SimBa
1019	Q0	8302	1	50.884585453688835	SimBa
1019	Q0	4705	1	38.80876322198402	SimBa
1019	Q0	5455	1	37.81712390775412	SimBa
1019	Q0	8530	1	37.698074647760166	SimBa
1019	Q0	7541	1	37.121354051912235	SimBa
1020	Q0	8302	1	55.42424345986105	SimBa
1020	Q0	5117	1	38.075850003282774	SimBa
1020	Q0	4741	1	38.02236002784479	SimBa
1020	Q0	2647	1	37.95438403725447	SimBa
1020	Q0	8315	1	37.43936224417059	SimBa
1021	Q0	7675	1	58.85248778245076	SimBa
1021	Q0	3761	1	47.4740365526028	SimBa
1021	Q0	3755	1	46.209504308565016	SimBa
1021	Q0	9105	1	45.88432835900723	SimBa
1021	Q0	7668	1	44.95186725264176	SimBa
1022	Q0	7696	1	64.73335178155895	SimBa
1022	Q0	7706	1	43.28964055433864	SimBa
1022	Q0	7739	1	42.235663050533844	SimBa
1022	Q0	2866	1	42.16393241885638	SimBa
1022	Q0	5153	1	41.636146001531046	SimBa
1023	Q0	8488	1	53.50839206010955	SimBa
1023	Q0	5397	1	42.81777731663159	SimBa
1023	Q0	1046	1	42.23709473295349	SimBa
1023	Q0	2375	1	41.39742420645763	SimBa
1023	Q0	140	1	41.362806940038105	SimBa
1024	Q0	1423	1	55.90443047247199	SimBa
1024	Q0	2838	1	42.64369755952775	SimBa
1024	Q0	864	1	42.62924481335231	SimBa
1024	Q0	2863	1	40.70052526375801	SimBa
1024	Q0	2978	1	40.69504840929596	SimBa
1025	Q0	2477	1	59.164904217415085	SimBa
1025	Q0	10078	1	40.85420017402327	SimBa
1025	Q0	884	1	40.00860520921322	SimBa
1025	Q0	10333	1	38.812124791611936	SimBa
1025	Q0	6194	1	38.55063722066471	SimBa
1026	Q0	2477	1	56.20790354831888	SimBa
1026	Q0	884	1	40.80877934406505	SimBa
1026	Q0	10078	1	40.60774043347798	SimBa
1026	Q0	10333	1	39.94131567717476	SimBa
1026	Q0	3469	1	39.424214881287185	SimBa
1027	Q0	3100	1	53.556875889708444	SimBa
1027	Q0	3115	1	45.244766742217564	SimBa
1027	Q0	8301	1	43.4379895193267	SimBa
1027	Q0	8468	1	42.65817514182994	SimBa
1027	Q0	8354	1	42.00657848513921	SimBa
1028	Q0	5766	1	52.29036564892937	SimBa
1028	Q0	416	1	52.02409684440783	SimBa
1028	Q0	6099	1	40.93660277125652	SimBa
1028	Q0	7992	1	40.78951063829445	SimBa
1028	Q0	8108	1	40.56426285710742	SimBa
1029	Q0	10203	1	67.77500038577801	SimBa
1029	Q0	3217	1	47.56338753349691	SimBa
1029	Q0	4740	1	41.958297968224	SimBa
1029	Q0	4926	1	40.714798637911876	SimBa
1029	Q0	4258	1	38.95545663729905	SimBa
1030	Q0	5312	1	55.1262995749304	SimBa
1030	Q0	3180	1	42.4840368483745	SimBa
1030	Q0	9729	1	40.89031469658571	SimBa
1030	Q0	6139	1	39.33705674543278	SimBa
1030	Q0	1676	1	39.270589606079845	SimBa
1031	Q0	6589	1	48.882073338898735	SimBa
1031	Q0	8236	1	41.86302386792634	SimBa
1031	Q0	8059	1	40.914735095308615	SimBa
1031	Q0	9259	1	39.88856198668762	SimBa
1031	Q0	376	1	39.210292146706124	SimBa
1032	Q0	290	1	52.2240692079995	SimBa
1032	Q0	5806	1	49.13689352148081	SimBa
1032	Q0	379	1	47.74821735644002	SimBa
1032	Q0	516	1	45.98743759701378	SimBa
1032	Q0	5656	1	45.029022556545655	SimBa
1033	Q0	6589	1	58.497097829659566	SimBa
1033	Q0	7832	1	43.97935709797198	SimBa
1033	Q0	376	1	43.669192853716	SimBa
1033	Q0	8222	1	42.367929421932466	SimBa
1033	Q0	8554	1	41.43877263643312	SimBa
1034	Q0	516	1	56.83458710829885	SimBa
1034	Q0	5656	1	47.93441440637723	SimBa
1034	Q0	290	1	46.943082464774285	SimBa
1034	Q0	4612	1	45.197229839788676	SimBa
1034	Q0	295	1	44.80223943851735	SimBa
1035	Q0	8360	1	62.04088859014631	SimBa
1035	Q0	7759	1	40.31876854801739	SimBa
1035	Q0	7743	1	39.03252232904341	SimBa
1035	Q0	8594	1	38.63666401669325	SimBa
1035	Q0	9307	1	36.51296689065409	SimBa
1036	Q0	77	1	53.47541318792785	SimBa
1036	Q0	2278	1	52.39724782445642	SimBa
1036	Q0	427	1	42.98125679810413	SimBa
1036	Q0	5802	1	42.31489090595363	SimBa
1036	Q0	2885	1	38.485002372693906	SimBa
1037	Q0	8766	1	49.94672523757526	SimBa
1037	Q0	6984	1	42.33905927933336	SimBa
1037	Q0	4579	1	41.4210298350701	SimBa
1037	Q0	6355	1	41.10334219157224	SimBa
1037	Q0	1943	1	40.48758217800138	SimBa
1038	Q0	8766	1	52.80453727585363	SimBa
1038	Q0	6355	1	41.262432062268815	SimBa
1038	Q0	463	1	40.51568777722309	SimBa
1038	Q0	8050	1	40.04393573248107	SimBa
1038	Q0	8687	1	38.76517295400634	SimBa
1039	Q0	3235	1	61.46919751534619	SimBa
1039	Q0	3432	1	40.169910592245365	SimBa
1039	Q0	1665	1	38.14447058391448	SimBa
1039	Q0	2446	1	37.55442268547226	SimBa
1039	Q0	5993	1	37.012184978814176	SimBa
1040	Q0	6918	1	42.06799219753728	SimBa
1040	Q0	2253	1	41.334488735604346	SimBa
1040	Q0	5009	1	41.234103732685796	SimBa
1040	Q0	8963	1	41.15331073563661	SimBa
1040	Q0	7884	1	41.13914801689823	SimBa
1041	Q0	5047	1	58.750354593888275	SimBa
1041	Q0	9747	1	46.897077192304884	SimBa
1041	Q0	6392	1	43.243217474220145	SimBa
1041	Q0	486	1	41.549037987485335	SimBa
1041	Q0	485	1	41.2711263385992	SimBa
1042	Q0	1855	1	42.737714039437755	SimBa
1042	Q0	9664	1	39.723344777557266	SimBa
1042	Q0	5210	1	38.51258271610617	SimBa
1042	Q0	2382	1	38.16873370669544	SimBa
1042	Q0	5208	1	37.52525212644978	SimBa
1043	Q0	1177	1	43.10235922555214	SimBa
1043	Q0	760	1	40.222679492789226	SimBa
1043	Q0	8542	1	38.468393628560804	SimBa
1043	Q0	4572	1	37.6027085634749	SimBa
1043	Q0	8426	1	37.30443164512709	SimBa
1044	Q0	5818	1	52.30398221285566	SimBa
1044	Q0	5487	1	38.51358642301547	SimBa
1044	Q0	3330	1	37.0130316269574	SimBa
1044	Q0	2935	1	36.828137712348955	SimBa
1044	Q0	8150	1	36.43021228652348	SimBa
1045	Q0	1177	1	45.22674782018892	SimBa
1045	Q0	6210	1	41.29973891457989	SimBa
1045	Q0	10310	1	39.989885957026026	SimBa
1045	Q0	3391	1	39.83399506218754	SimBa
1045	Q0	8025	1	39.790334835851475	SimBa
1046	Q0	1177	1	47.134420751452964	SimBa
1046	Q0	8426	1	41.311223688526184	SimBa
1046	Q0	10310	1	40.08078355045296	SimBa
1046	Q0	8414	1	39.99127655839135	SimBa
1046	Q0	5917	1	39.57918127979981	SimBa
1047	Q0	1177	1	46.86605935677731	SimBa
1047	Q0	8426	1	40.87968283249827	SimBa
1047	Q0	6122	1	39.11945677722246	SimBa
1047	Q0	760	1	38.518843809469196	SimBa
1047	Q0	1253	1	38.08198542635944	SimBa
1048	Q0	2558	1	41.07475880369656	SimBa
1048	Q0	6691	1	37.207689036387045	SimBa
1048	Q0	8931	1	36.29221587242532	SimBa
1048	Q0	3446	1	36.01071769234	SimBa
1048	Q0	5520	1	35.79907573592123	SimBa
1049	Q0	4438	1	60.38540821341042	SimBa
1049	Q0	1197	1	45.34797618095813	SimBa
1049	Q0	7722	1	44.816873689143364	SimBa
1049	Q0	5011	1	44.31246656583723	SimBa
1049	Q0	2423	1	44.143501471465015	SimBa
1050	Q0	4438	1	54.059407103105634	SimBa
1050	Q0	2423	1	45.307058840972466	SimBa
1050	Q0	3195	1	44.30165679663711	SimBa
1050	Q0	6757	1	42.805853854561036	SimBa
1050	Q0	1197	1	42.14401317580997	SimBa
1051	Q0	10082	1	40.055692017477284	SimBa
1051	Q0	6161	1	33.92436549847032	SimBa
1051	Q0	5336	1	33.27813316703561	SimBa
1051	Q0	10020	1	32.13989720137545	SimBa
1051	Q0	4823	1	31.9218044654638	SimBa
1052	Q0	6592	1	53.18941022154726	SimBa
1052	Q0	274	1	44.395292538388986	SimBa
1052	Q0	528	1	43.434530726083096	SimBa
1052	Q0	9794	1	43.144604772822106	SimBa
1052	Q0	723	1	43.09859414057659	SimBa
1053	Q0	1817	1	53.80672869295692	SimBa
1053	Q0	3010	1	39.01536770806716	SimBa
1053	Q0	2161	1	37.790182994836336	SimBa
1053	Q0	7212	1	37.53915073034054	SimBa
1053	Q0	7075	1	37.359146884977214	SimBa
1054	Q0	9475	1	48.732582886514855	SimBa
1054	Q0	4769	1	39.26645067034291	SimBa
1054	Q0	2647	1	38.77115402029195	SimBa
1054	Q0	627	1	37.68505405006826	SimBa
1054	Q0	1635	1	37.60922589761829	SimBa
1055	Q0	6592	1	53.888586089949996	SimBa
1055	Q0	6593	1	41.20902444309712	SimBa
1055	Q0	8537	1	41.065884586364064	SimBa
1055	Q0	5391	1	39.157697937108615	SimBa
1055	Q0	6595	1	38.96197025941572	SimBa
1056	Q0	6592	1	48.895024140604214	SimBa
1056	Q0	5391	1	41.67364043746169	SimBa
1056	Q0	6593	1	39.94134292460453	SimBa
1056	Q0	4164	1	38.72229355840033	SimBa
1056	Q0	274	1	37.93037373644046	SimBa
1057	Q0	8328	1	48.0159012083961	SimBa
1057	Q0	5079	1	43.70825362146228	SimBa
1057	Q0	1099	1	43.59047802137459	SimBa
1057	Q0	8939	1	43.40113792763905	SimBa
1057	Q0	4541	1	41.47764476895658	SimBa
1058	Q0	8328	1	50.79589262420814	SimBa
1058	Q0	5079	1	42.77620406121052	SimBa
1058	Q0	2384	1	42.63478298540375	SimBa
1058	Q0	8766	1	41.80307039932683	SimBa
1058	Q0	5293	1	41.08234705099418	SimBa
1059	Q0	5417	1	50.81031833051533	SimBa
1059	Q0	5074	1	44.59176056543684	SimBa
1059	Q0	4164	1	42.140318126951755	SimBa
1059	Q0	5868	1	40.63518038107036	SimBa
1059	Q0	8096	1	40.37479425472537	SimBa
1060	Q0	5417	1	52.52659909230664	SimBa
1060	Q0	5074	1	43.02956900671772	SimBa
1060	Q0	8096	1	39.0137784315411	SimBa
1060	Q0	4176	1	38.615592876161486	SimBa
1060	Q0	4164	1	38.18160776826713	SimBa
1061	Q0	3599	1	52.53581634819508	SimBa
1061	Q0	9135	1	42.73665513579694	SimBa
1061	Q0	9791	1	40.76473683741131	SimBa
1061	Q0	8628	1	40.47914631048475	SimBa
1061	Q0	8901	1	40.35048129491535	SimBa
1062	Q0	8181	1	55.853281774447	SimBa
1062	Q0	1817	1	43.73505653783213	SimBa
1062	Q0	2118	1	38.266465524726165	SimBa
1062	Q0	2117	1	37.14186277751402	SimBa
1062	Q0	5638	1	37.0790861406412	SimBa
1063	Q0	8181	1	56.00543729938135	SimBa
1063	Q0	1817	1	40.4148596660182	SimBa
1063	Q0	2118	1	37.83856670151125	SimBa
1063	Q0	492	1	37.69051000310345	SimBa
1063	Q0	5638	1	36.17460738482929	SimBa
1064	Q0	6680	1	53.381256493537535	SimBa
1064	Q0	5069	1	42.89680575551644	SimBa
1064	Q0	4457	1	40.75349586939003	SimBa
1064	Q0	5229	1	40.493583149181106	SimBa
1064	Q0	6455	1	39.97218240092455	SimBa
1065	Q0	4605	1	56.62896471141577	SimBa
1065	Q0	1197	1	44.05750951546153	SimBa
1065	Q0	6437	1	43.84842637388543	SimBa
1065	Q0	488	1	43.56960002346199	SimBa
1065	Q0	3764	1	43.563316239818576	SimBa
1066	Q0	4605	1	48.61337286206798	SimBa
1066	Q0	6437	1	43.15689908785799	SimBa
1066	Q0	488	1	42.85070748446984	SimBa
1066	Q0	1197	1	42.4607578083927	SimBa
1066	Q0	3764	1	42.26288098315439	SimBa
1067	Q0	6550	1	45.18819987782553	SimBa
1067	Q0	7675	1	45.141466420806935	SimBa
1067	Q0	7722	1	44.74755274184938	SimBa
1067	Q0	9105	1	44.05021614020643	SimBa
1067	Q0	3761	1	43.84969735713082	SimBa
1068	Q0	3703	1	66.91322297151615	SimBa
1068	Q0	3704	1	47.31352213840459	SimBa
1068	Q0	3702	1	46.13068979856105	SimBa
1068	Q0	5552	1	45.49386197109061	SimBa
1068	Q0	7922	1	43.58339091210635	SimBa
1069	Q0	1913	1	49.77133356474381	SimBa
1069	Q0	5055	1	43.310161447174025	SimBa
1069	Q0	5548	1	42.446122750101445	SimBa
1069	Q0	6445	1	41.85659666100872	SimBa
1069	Q0	2774	1	41.83282511240579	SimBa
1070	Q0	3823	1	53.13704607651371	SimBa
1070	Q0	3822	1	41.91809249700051	SimBa
1070	Q0	3835	1	38.99335868461035	SimBa
1070	Q0	2039	1	38.889433032919484	SimBa
1070	Q0	3829	1	38.5577592799484	SimBa
1071	Q0	3730	1	44.45552662315335	SimBa
1071	Q0	2844	1	42.74636708629609	SimBa
1071	Q0	6422	1	42.61561991100953	SimBa
1071	Q0	10132	1	42.25732141702386	SimBa
1071	Q0	10135	1	41.83619334993742	SimBa
1072	Q0	1575	1	59.99535411820193	SimBa
1072	Q0	8815	1	46.53698473216271	SimBa
1072	Q0	4053	1	45.92413696946777	SimBa
1072	Q0	4441	1	45.344813926806424	SimBa
1072	Q0	9298	1	42.73623556105477	SimBa
1073	Q0	2621	1	50.762229188224765	SimBa
1073	Q0	6504	1	42.14832861408839	SimBa
1073	Q0	4963	1	39.02245884036922	SimBa
1073	Q0	5655	1	38.798476035501466	SimBa
1073	Q0	5627	1	37.89643595717477	SimBa
1074	Q0	2621	1	46.67993678813292	SimBa
1074	Q0	5343	1	41.392202982542244	SimBa
1074	Q0	3004	1	40.287170793227425	SimBa
1074	Q0	921	1	39.519135241832835	SimBa
1074	Q0	1343	1	39.49492835642157	SimBa
1075	Q0	5855	1	54.46427422552037	SimBa
1075	Q0	5546	1	44.102122399198485	SimBa
1075	Q0	7140	1	43.20816719476501	SimBa
1075	Q0	5543	1	42.59772968582029	SimBa
1075	Q0	5547	1	41.987129137186315	SimBa
1076	Q0	6549	1	47.7817242229841	SimBa
1076	Q0	5079	1	42.008807968632745	SimBa
1076	Q0	7706	1	40.710504931914976	SimBa
1076	Q0	9895	1	40.703166501173754	SimBa
1076	Q0	1116	1	40.61952868623707	SimBa
1077	Q0	6549	1	54.03111082109854	SimBa
1077	Q0	9276	1	45.0837526752507	SimBa
1077	Q0	8940	1	45.04397578672671	SimBa
1077	Q0	8939	1	44.86428229946989	SimBa
1077	Q0	7697	1	44.64485705259537	SimBa
1078	Q0	3954	1	50.95029718920462	SimBa
1078	Q0	6821	1	40.712577724096064	SimBa
1078	Q0	6543	1	40.51467517496226	SimBa
1078	Q0	952	1	39.96584830659832	SimBa
1078	Q0	8766	1	39.58700162907414	SimBa
1079	Q0	9509	1	47.080908510448886	SimBa
1079	Q0	8588	1	45.94783947821836	SimBa
1079	Q0	8723	1	38.510421770598434	SimBa
1079	Q0	6856	1	38.487293332668855	SimBa
1079	Q0	4250	1	38.0738843683736	SimBa
1080	Q0	10309	1	46.81088868120267	SimBa
1080	Q0	6595	1	35.72883455394202	SimBa
1080	Q0	6911	1	34.71062763947721	SimBa
1080	Q0	5536	1	34.59239545170962	SimBa
1080	Q0	5247	1	33.87294532635427	SimBa
1081	Q0	4927	1	57.08184241231403	SimBa
1081	Q0	5040	1	42.51501026502979	SimBa
1081	Q0	5357	1	41.13746133019123	SimBa
1081	Q0	5151	1	39.46654532276796	SimBa
1081	Q0	9673	1	38.65502507120926	SimBa
1082	Q0	4927	1	58.408362674317594	SimBa
1082	Q0	5040	1	40.094253542342386	SimBa
1082	Q0	5126	1	39.74012040716402	SimBa
1082	Q0	5151	1	37.88786261762895	SimBa
1082	Q0	3433	1	37.57684963313981	SimBa
1083	Q0	5859	1	49.308193461174405	SimBa
1083	Q0	359	1	39.40125570020367	SimBa
1083	Q0	7866	1	37.59154838834258	SimBa
1083	Q0	5161	1	36.881726524991926	SimBa
1083	Q0	336	1	36.8155748256376	SimBa
1084	Q0	815	1	47.94702353378362	SimBa
1084	Q0	4906	1	39.381843282541865	SimBa
1084	Q0	6385	1	37.57998647898609	SimBa
1084	Q0	3126	1	37.28121201524976	SimBa
1084	Q0	8401	1	36.79982113755092	SimBa
1085	Q0	7752	1	51.93454162209074	SimBa
1085	Q0	1976	1	43.60640844639605	SimBa
1085	Q0	7675	1	43.087994941894586	SimBa
1085	Q0	4541	1	42.265511108396254	SimBa
1085	Q0	7660	1	42.056776405489806	SimBa
1086	Q0	4617	1	57.11720150577713	SimBa
1086	Q0	3832	1	46.93682287835337	SimBa
1086	Q0	570	1	46.566153555502446	SimBa
1086	Q0	4581	1	46.16747794877709	SimBa
1086	Q0	4618	1	41.745557087101524	SimBa
1087	Q0	5290	1	64.08193989298917	SimBa
1087	Q0	5284	1	50.06262942039496	SimBa
1087	Q0	6035	1	46.46577682309855	SimBa
1087	Q0	5286	1	46.36244738735342	SimBa
1087	Q0	5288	1	45.922325043597496	SimBa
1088	Q0	4542	1	55.07022037819008	SimBa
1088	Q0	2838	1	47.6431073867935	SimBa
1088	Q0	2706	1	44.55668130385121	SimBa
1088	Q0	740	1	43.96703223081245	SimBa
1088	Q0	2876	1	43.88493526697626	SimBa
1089	Q0	4617	1	53.87625721084226	SimBa
1089	Q0	4581	1	45.848570538509165	SimBa
1089	Q0	3832	1	44.05950073380298	SimBa
1089	Q0	4618	1	43.237412561432386	SimBa
1089	Q0	572	1	42.79770664360618	SimBa
1090	Q0	4617	1	56.25114454982891	SimBa
1090	Q0	3832	1	46.43508401815816	SimBa
1090	Q0	570	1	43.30226275053094	SimBa
1090	Q0	4581	1	42.864424855811286	SimBa
1090	Q0	5982	1	40.591840039177505	SimBa
1091	Q0	4542	1	52.55934050652542	SimBa
1091	Q0	7629	1	40.011863751192045	SimBa
1091	Q0	734	1	39.67533074308654	SimBa
1091	Q0	4621	1	39.44937159914474	SimBa
1091	Q0	740	1	39.32199857217866	SimBa
1092	Q0	5299	1	52.190496270135625	SimBa
1092	Q0	8528	1	41.96939092591821	SimBa
1092	Q0	2833	1	39.73537222531851	SimBa
1092	Q0	3590	1	38.650674171498956	SimBa
1092	Q0	3608	1	38.29892915410717	SimBa
1093	Q0	596	1	46.89049519343349	SimBa
1093	Q0	21	1	42.20046081867636	SimBa
1093	Q0	3195	1	39.983355341953605	SimBa
1093	Q0	8086	1	39.86777331330508	SimBa
1093	Q0	1993	1	38.83692512982253	SimBa
1094	Q0	1343	1	58.090973124508416	SimBa
1094	Q0	2661	1	41.61482420470804	SimBa
1094	Q0	4916	1	40.793050938441866	SimBa
1094	Q0	7496	1	38.1451564825041	SimBa
1094	Q0	2799	1	38.03765132338398	SimBa
1095	Q0	4584	1	50.08507245997449	SimBa
1095	Q0	7645	1	46.79054277493515	SimBa
1095	Q0	7696	1	45.14969112402609	SimBa
1095	Q0	6435	1	45.05316014584355	SimBa
1095	Q0	4528	1	44.139541618123836	SimBa
1096	Q0	4584	1	52.82660849763677	SimBa
1096	Q0	7645	1	45.18351281226203	SimBa
1096	Q0	4528	1	44.1825069991854	SimBa
1096	Q0	4940	1	44.00925518809793	SimBa
1096	Q0	7696	1	43.774452296956156	SimBa
1097	Q0	9149	1	50.530175347457835	SimBa
1097	Q0	5192	1	43.438959792521985	SimBa
1097	Q0	4300	1	40.46658467718108	SimBa
1097	Q0	5377	1	38.82999252998739	SimBa
1097	Q0	8437	1	38.2415505989498	SimBa
1098	Q0	4760	1	53.08055707527437	SimBa
1098	Q0	1783	1	44.89431556144745	SimBa
1098	Q0	4630	1	42.50299528649194	SimBa
1098	Q0	1638	1	42.01756585294905	SimBa
1098	Q0	10120	1	41.824538658933896	SimBa
1099	Q0	9095	1	53.37883811085824	SimBa
1099	Q0	9320	1	40.3184734915615	SimBa
1099	Q0	4018	1	38.801437791747574	SimBa
1099	Q0	4955	1	37.14450789860742	SimBa
1099	Q0	8005	1	37.05954677246067	SimBa
1100	Q0	8004	1	54.7509439008966	SimBa
1100	Q0	8992	1	46.950125703704494	SimBa
1100	Q0	659	1	41.80035939928668	SimBa
1100	Q0	9897	1	40.44178665029162	SimBa
1100	Q0	434	1	40.007935069102494	SimBa
1101	Q0	7493	1	69.84735983810984	SimBa
1101	Q0	870	1	40.50644403205779	SimBa
1101	Q0	1336	1	40.38257876756725	SimBa
1101	Q0	1530	1	39.664307222996655	SimBa
1101	Q0	10138	1	38.22249133027529	SimBa
1102	Q0	970	1	65.27289460447074	SimBa
1102	Q0	4987	1	40.129386682077744	SimBa
1102	Q0	8823	1	39.75966623923703	SimBa
1102	Q0	8850	1	39.1025503515948	SimBa
1102	Q0	8817	1	38.737076613315715	SimBa
1103	Q0	1159	1	54.809244105760726	SimBa
1103	Q0	10246	1	41.56553002857591	SimBa
1103	Q0	400	1	41.45885775621976	SimBa
1103	Q0	8842	1	40.30544434825514	SimBa
1103	Q0	8005	1	40.2592368969562	SimBa
1104	Q0	7774	1	58.363887545422415	SimBa
1104	Q0	7744	1	44.865339785604164	SimBa
1104	Q0	7753	1	43.91538096575797	SimBa
1104	Q0	3570	1	42.597336349761704	SimBa
1104	Q0	3558	1	42.49509647888188	SimBa
1105	Q0	807	1	61.10335418434131	SimBa
1105	Q0	797	1	42.68613194280757	SimBa
1105	Q0	321	1	42.47235977929992	SimBa
1105	Q0	9377	1	41.048192666305646	SimBa
1105	Q0	3151	1	40.67224355762544	SimBa
1106	Q0	807	1	48.71711431546832	SimBa
1106	Q0	4086	1	39.69968125287757	SimBa
1106	Q0	321	1	39.63442264744032	SimBa
1106	Q0	3172	1	39.590617883141014	SimBa
1106	Q0	3115	1	39.49273730858904	SimBa
1107	Q0	8270	1	44.20145743795738	SimBa
1107	Q0	8834	1	37.54269896125592	SimBa
1107	Q0	6061	1	37.502645748989046	SimBa
1107	Q0	1038	1	37.26634867293845	SimBa
1107	Q0	7452	1	36.45188059057319	SimBa
1108	Q0	8270	1	46.5129906684737	SimBa
1108	Q0	8137	1	35.83204114093707	SimBa
1108	Q0	1038	1	35.79806949061035	SimBa
1108	Q0	2719	1	35.59779240149551	SimBa
1108	Q0	3936	1	35.36927795827726	SimBa
1109	Q0	4538	1	58.58517419447362	SimBa
1109	Q0	6918	1	43.09405967417816	SimBa
1109	Q0	3613	1	42.703896918193706	SimBa
1109	Q0	4604	1	42.453862566122496	SimBa
1109	Q0	9825	1	42.1917549283243	SimBa
1110	Q0	4092	1	36.92318258930873	SimBa
1110	Q0	4538	1	36.81563060057421	SimBa
1110	Q0	1928	1	36.44229705637164	SimBa
1110	Q0	4407	1	36.35098832116648	SimBa
1110	Q0	4575	1	36.11704905144357	SimBa
1111	Q0	7774	1	54.5531631364244	SimBa
1111	Q0	7640	1	45.68836360810146	SimBa
1111	Q0	8585	1	44.02669615881017	SimBa
1111	Q0	7799	1	43.403120363341046	SimBa
1111	Q0	7753	1	43.34784894688244	SimBa
1112	Q0	8519	1	57.81956150424291	SimBa
1112	Q0	6957	1	40.79978099867871	SimBa
1112	Q0	5425	1	39.599413396245225	SimBa
1112	Q0	3832	1	38.55309134774326	SimBa
1112	Q0	4908	1	38.413527944542075	SimBa
1113	Q0	8519	1	60.030837205425776	SimBa
1113	Q0	3589	1	40.54042835930498	SimBa
1113	Q0	4608	1	40.44351606830622	SimBa
1113	Q0	9953	1	39.939217109427666	SimBa
1113	Q0	8194	1	39.77585894598626	SimBa
1114	Q0	4092	1	51.801874324709836	SimBa
1114	Q0	7810	1	40.27725490029925	SimBa
1114	Q0	4097	1	38.85887527318772	SimBa
1114	Q0	5179	1	38.43016565344037	SimBa
1114	Q0	4020	1	37.60435307438121	SimBa
1115	Q0	4092	1	55.47665448239789	SimBa
1115	Q0	9	1	39.21235701443534	SimBa
1115	Q0	4097	1	38.727738942281924	SimBa
1115	Q0	8643	1	38.36542617529312	SimBa
1115	Q0	4020	1	37.84833207744044	SimBa
1116	Q0	9620	1	54.5842076721471	SimBa
1116	Q0	175	1	52.22298082177314	SimBa
1116	Q0	4040	1	47.78303224422116	SimBa
1116	Q0	4554	1	36.590115073619124	SimBa
1116	Q0	4035	1	36.326224459013964	SimBa
1117	Q0	8855	1	52.70464524269501	SimBa
1117	Q0	9094	1	43.46023662934077	SimBa
1117	Q0	8837	1	42.275521486902875	SimBa
1117	Q0	8835	1	41.52657770547885	SimBa
1117	Q0	6004	1	40.66312572159346	SimBa
1118	Q0	8759	1	70.58328082274907	SimBa
1118	Q0	6009	1	46.741326389918356	SimBa
1118	Q0	2566	1	41.98498032914595	SimBa
1118	Q0	9742	1	41.05125316751862	SimBa
1118	Q0	6256	1	39.26765739823874	SimBa
1119	Q0	3823	1	52.07596318692089	SimBa
1119	Q0	3835	1	44.086858366046485	SimBa
1119	Q0	3822	1	43.84018063498493	SimBa
1119	Q0	4999	1	42.021961584080806	SimBa
1119	Q0	6957	1	41.339591713717255	SimBa
1120	Q0	9063	1	57.26393927334408	SimBa
1120	Q0	2342	1	41.80126947449132	SimBa
1120	Q0	6185	1	38.87754564459055	SimBa
1120	Q0	7237	1	37.545091368379914	SimBa
1120	Q0	5477	1	36.62093419345535	SimBa
1121	Q0	4597	1	56.965377893955335	SimBa
1121	Q0	6248	1	45.81359438078419	SimBa
1121	Q0	6434	1	45.01050736099945	SimBa
1121	Q0	8223	1	44.949477908859734	SimBa
1121	Q0	5956	1	44.30572545906992	SimBa
1122	Q0	4597	1	57.72339614044614	SimBa
1122	Q0	6248	1	44.91904994169593	SimBa
1122	Q0	565	1	43.45121693604582	SimBa
1122	Q0	4584	1	43.37447937979694	SimBa
1122	Q0	5499	1	43.34319174365471	SimBa
1123	Q0	9425	1	48.10452041165612	SimBa
1123	Q0	696	1	44.42860585102499	SimBa
1123	Q0	6445	1	43.39642662500676	SimBa
1123	Q0	7884	1	42.851587807181815	SimBa
1123	Q0	2706	1	42.29224212383429	SimBa
1124	Q0	4999	1	63.555490618929134	SimBa
1124	Q0	5013	1	45.80329242099007	SimBa
1124	Q0	5006	1	45.278890961285676	SimBa
1124	Q0	3044	1	45.18210372460806	SimBa
1124	Q0	10267	1	45.037467177353015	SimBa
1125	Q0	9425	1	44.77497194835509	SimBa
1125	Q0	5541	1	42.009250838884185	SimBa
1125	Q0	111	1	40.86538973309741	SimBa
1125	Q0	3987	1	40.830604520630004	SimBa
1125	Q0	9427	1	40.79944458854289	SimBa
1126	Q0	3833	1	56.04931141920855	SimBa
1126	Q0	8217	1	42.923951213450394	SimBa
1126	Q0	9898	1	39.8242337538281	SimBa
1126	Q0	4257	1	38.637522471651096	SimBa
1126	Q0	8216	1	38.29113605465475	SimBa
1127	Q0	3833	1	52.492234182481084	SimBa
1127	Q0	8217	1	44.33822339994996	SimBa
1127	Q0	755	1	42.776571807939334	SimBa
1127	Q0	9898	1	42.678395951862925	SimBa
1127	Q0	8216	1	42.33856592978475	SimBa
1128	Q0	3833	1	42.46748193412533	SimBa
1128	Q0	8216	1	39.51696453771608	SimBa
1128	Q0	1072	1	39.17947086921705	SimBa
1128	Q0	4257	1	37.66554605587348	SimBa
1128	Q0	7033	1	36.98578630704427	SimBa
1129	Q0	3857	1	54.814040910274514	SimBa
1129	Q0	5419	1	43.16068259098806	SimBa
1129	Q0	5431	1	42.32853101969125	SimBa
1129	Q0	5421	1	42.272829123769085	SimBa
1129	Q0	418	1	42.04368743575343	SimBa
1130	Q0	3628	1	64.02454171041177	SimBa
1130	Q0	272	1	43.514315656664195	SimBa
1130	Q0	4308	1	39.429963369856615	SimBa
1130	Q0	2142	1	38.64059270352863	SimBa
1130	Q0	10026	1	38.42392113772774	SimBa
1131	Q0	1785	1	44.60651767612848	SimBa
1131	Q0	7786	1	41.31572825674202	SimBa
1131	Q0	7948	1	40.258412914844676	SimBa
1131	Q0	10217	1	39.74776267947294	SimBa
1131	Q0	900	1	39.67426353994296	SimBa
1132	Q0	9033	1	35.540379160198235	SimBa
1132	Q0	10076	1	34.899958354649286	SimBa
1132	Q0	2201	1	34.71919218233755	SimBa
1132	Q0	8573	1	33.95578372979654	SimBa
1132	Q0	2676	1	33.41913483896863	SimBa
1133	Q0	3822	1	52.55248232486251	SimBa
1133	Q0	3823	1	42.996475305304756	SimBa
1133	Q0	6957	1	39.179296285326494	SimBa
1133	Q0	3835	1	38.58591815529503	SimBa
1133	Q0	2651	1	36.919787634024594	SimBa
1134	Q0	3822	1	51.201430538678665	SimBa
1134	Q0	3823	1	44.60924156592498	SimBa
1134	Q0	2039	1	40.712515761876176	SimBa
1134	Q0	512	1	37.608871762590645	SimBa
1134	Q0	2209	1	37.21093131410011	SimBa
1135	Q0	9131	1	45.88616423191249	SimBa
1135	Q0	6705	1	45.339040737710796	SimBa
1135	Q0	6393	1	44.74587020557427	SimBa
1135	Q0	3942	1	44.04516337552362	SimBa
1135	Q0	9724	1	40.95966099724422	SimBa
1136	Q0	1601	1	53.18378451875635	SimBa
1136	Q0	6582	1	48.84837401334097	SimBa
1136	Q0	3596	1	42.89745111639983	SimBa
1136	Q0	9244	1	42.24300400401327	SimBa
1136	Q0	9416	1	42.041147955364046	SimBa
1137	Q0	6744	1	58.83104981801032	SimBa
1137	Q0	10141	1	42.28187379082636	SimBa
1137	Q0	6746	1	41.272033688248406	SimBa
1137	Q0	6632	1	40.678916982576304	SimBa
1137	Q0	8328	1	40.46402799925347	SimBa
1138	Q0	4007	1	70.98550060645337	SimBa
1138	Q0	6215	1	47.96514625352728	SimBa
1138	Q0	8849	1	42.99994868236719	SimBa
1138	Q0	4006	1	40.215238088239765	SimBa
1138	Q0	3492	1	39.29559052855197	SimBa
1139	Q0	1343	1	54.36478954816671	SimBa
1139	Q0	1078	1	42.47687714727635	SimBa
1139	Q0	3005	1	41.58134775631357	SimBa
1139	Q0	7496	1	40.47461167938452	SimBa
1139	Q0	8443	1	40.28437031560241	SimBa
1140	Q0	5013	1	51.65595309855118	SimBa
1140	Q0	5199	1	50.883031307519204	SimBa
1140	Q0	3019	1	42.53714278595239	SimBa
1140	Q0	1072	1	41.996867650564084	SimBa
1140	Q0	5136	1	41.51654098371222	SimBa
1141	Q0	5159	1	61.47122027382582	SimBa
1141	Q0	5933	1	43.014685681089055	SimBa
1141	Q0	4015	1	39.687110953700014	SimBa
1141	Q0	9544	1	38.00717545564352	SimBa
1141	Q0	4326	1	36.70606775257613	SimBa
1142	Q0	7516	1	52.284808595518854	SimBa
1142	Q0	1060	1	40.258403133416415	SimBa
1142	Q0	5022	1	38.737801723696734	SimBa
1142	Q0	1813	1	38.72639457015853	SimBa
1142	Q0	6146	1	38.603989396613315	SimBa
1143	Q0	1663	1	54.839603186107446	SimBa
1143	Q0	2648	1	49.18244183626321	SimBa
1143	Q0	2649	1	47.829644638967956	SimBa
1143	Q0	4715	1	47.70774403534433	SimBa
1143	Q0	6582	1	47.00543388948396	SimBa
1144	Q0	7954	1	50.635330243743496	SimBa
1144	Q0	410	1	40.68672465679345	SimBa
1144	Q0	5291	1	40.517255263812274	SimBa
1144	Q0	9904	1	39.94187358702354	SimBa
1144	Q0	9019	1	39.56460693800461	SimBa
1145	Q0	7954	1	47.0818669852517	SimBa
1145	Q0	5091	1	40.97834923093448	SimBa
1145	Q0	7765	1	40.204421827767945	SimBa
1145	Q0	2473	1	40.18938082650552	SimBa
1145	Q0	1928	1	39.96644802612688	SimBa
1146	Q0	8194	1	51.80197917822671	SimBa
1146	Q0	6116	1	43.23855619738795	SimBa
1146	Q0	5439	1	37.255651818622276	SimBa
1146	Q0	2039	1	37.14297724657802	SimBa
1146	Q0	6946	1	36.73606686352889	SimBa
1147	Q0	7741	1	51.886587891983844	SimBa
1147	Q0	4645	1	44.30850418812985	SimBa
1147	Q0	7722	1	42.05629198094279	SimBa
1147	Q0	7693	1	40.38550840376752	SimBa
1147	Q0	6437	1	40.177225780562175	SimBa
1148	Q0	2911	1	60.290631737047185	SimBa
1148	Q0	7612	1	38.609996970928876	SimBa
1148	Q0	4915	1	38.414781814649906	SimBa
1148	Q0	9907	1	38.37148760348093	SimBa
1148	Q0	9887	1	38.36208493300257	SimBa
1149	Q0	3199	1	54.465011392599294	SimBa
1149	Q0	3832	1	48.36358010580577	SimBa
1149	Q0	5595	1	46.95163150512151	SimBa
1149	Q0	8581	1	45.33885120965608	SimBa
1149	Q0	3589	1	44.51468658296953	SimBa
1150	Q0	3199	1	51.72829772108122	SimBa
1150	Q0	4614	1	42.850931065780784	SimBa
1150	Q0	5423	1	41.913777106286815	SimBa
1150	Q0	4557	1	41.690308948868356	SimBa
1150	Q0	9842	1	41.52034577857853	SimBa
1151	Q0	10152	1	58.53978251710592	SimBa
1151	Q0	8495	1	41.626837324865235	SimBa
1151	Q0	676	1	40.711996028903904	SimBa
1151	Q0	5884	1	40.70298136682281	SimBa
1151	Q0	5293	1	39.643916157208565	SimBa
1152	Q0	4581	1	49.573214136149026	SimBa
1152	Q0	570	1	44.36297496454742	SimBa
1152	Q0	6976	1	42.77014882059414	SimBa
1152	Q0	1536	1	42.50943714235842	SimBa
1152	Q0	4610	1	42.17491162044444	SimBa
1153	Q0	8851	1	51.80053234575518	SimBa
1153	Q0	1739	1	41.23096028106788	SimBa
1153	Q0	8177	1	41.01169253402982	SimBa
1153	Q0	4026	1	40.92636047533112	SimBa
1153	Q0	1475	1	39.76200713034381	SimBa
1154	Q0	10012	1	49.66293405762405	SimBa
1154	Q0	5635	1	39.7808930406177	SimBa
1154	Q0	7450	1	37.98256974854608	SimBa
1154	Q0	539	1	37.79946362273608	SimBa
1154	Q0	444	1	37.579643944036086	SimBa
1155	Q0	6808	1	53.906453527140066	SimBa
1155	Q0	9429	1	53.6789939759549	SimBa
1155	Q0	6809	1	48.62088757148687	SimBa
1155	Q0	5861	1	46.43363522145504	SimBa
1155	Q0	5140	1	45.780579725962795	SimBa
1156	Q0	9717	1	53.81313952510939	SimBa
1156	Q0	7315	1	47.44251047373559	SimBa
1156	Q0	40	1	45.91066755036959	SimBa
1156	Q0	864	1	45.22237091546464	SimBa
1156	Q0	3329	1	44.30332183514841	SimBa
1157	Q0	6249	1	66.550772867679	SimBa
1157	Q0	6248	1	43.96061895426858	SimBa
1157	Q0	8587	1	43.12983805520452	SimBa
1157	Q0	8583	1	41.69843334570281	SimBa
1157	Q0	8578	1	41.67389950912881	SimBa
1158	Q0	4311	1	42.85543334528762	SimBa
1158	Q0	9019	1	42.35285304751492	SimBa
1158	Q0	9426	1	39.887167385442055	SimBa
1158	Q0	7954	1	39.04742617890767	SimBa
1158	Q0	5445	1	38.94379150623227	SimBa
1159	Q0	4952	1	48.683137514988935	SimBa
1159	Q0	549	1	44.48694927016811	SimBa
1159	Q0	4967	1	44.47034953294273	SimBa
1159	Q0	8757	1	43.264073471063085	SimBa
1159	Q0	5970	1	43.13829512242373	SimBa
1160	Q0	5412	1	60.78417919121952	SimBa
1160	Q0	6341	1	44.24563319122256	SimBa
1160	Q0	5446	1	43.950913501398794	SimBa
1160	Q0	2008	1	43.00376566106327	SimBa
1160	Q0	3467	1	42.57814269043306	SimBa
1161	Q0	10157	1	37.876107562857364	SimBa
1161	Q0	9803	1	33.56873778770511	SimBa
1161	Q0	224	1	33.40345909001737	SimBa
1161	Q0	2888	1	32.820938704284714	SimBa
1161	Q0	6466	1	32.61934226520991	SimBa
1162	Q0	8528	1	67.32920278452204	SimBa
1162	Q0	5581	1	44.15392252821238	SimBa
1162	Q0	543	1	41.967046176119254	SimBa
1162	Q0	7507	1	41.9668103412921	SimBa
1162	Q0	8495	1	40.611955331479976	SimBa
1163	Q0	4771	1	47.24947013252119	SimBa
1163	Q0	4770	1	40.6680985288533	SimBa
1163	Q0	3117	1	38.73862756765882	SimBa
1163	Q0	6585	1	37.22673638053131	SimBa
1163	Q0	5256	1	36.72507071612243	SimBa
1164	Q0	9807	1	50.714867703690864	SimBa
1164	Q0	2458	1	36.94120112346569	SimBa
1164	Q0	3345	1	36.93136506679958	SimBa
1164	Q0	7394	1	36.84077440965856	SimBa
1164	Q0	5098	1	36.183898078180434	SimBa
1165	Q0	9724	1	59.90567396441554	SimBa
1165	Q0	3322	1	44.102117037558116	SimBa
1165	Q0	178	1	43.58567365242939	SimBa
1165	Q0	406	1	42.59403084213984	SimBa
1165	Q0	9093	1	41.59373537384652	SimBa
1166	Q0	9724	1	50.062563761120046	SimBa
1166	Q0	3322	1	44.44086224288432	SimBa
1166	Q0	178	1	44.15797199400989	SimBa
1166	Q0	9093	1	42.49241813855569	SimBa
1166	Q0	9131	1	41.144402838788054	SimBa
1167	Q0	9807	1	51.89420636765066	SimBa
1167	Q0	8179	1	38.58069176433219	SimBa
1167	Q0	2458	1	38.20108477601676	SimBa
1167	Q0	7394	1	38.19794140809689	SimBa
1167	Q0	3345	1	37.961932286298925	SimBa
1168	Q0	9953	1	60.396775808082865	SimBa
1168	Q0	4913	1	44.77758904905239	SimBa
1168	Q0	4138	1	42.5406420773003	SimBa
1168	Q0	7884	1	42.431308232150855	SimBa
1168	Q0	9473	1	41.90425874768069	SimBa
1169	Q0	9953	1	54.94151702474768	SimBa
1169	Q0	9820	1	44.627062601625475	SimBa
1169	Q0	6315	1	43.26728104178211	SimBa
1169	Q0	4913	1	42.99935387624577	SimBa
1169	Q0	9473	1	42.292879215323566	SimBa
1170	Q0	8495	1	58.80510681028737	SimBa
1170	Q0	3179	1	44.350129640522326	SimBa
1170	Q0	3013	1	43.75753915392771	SimBa
1170	Q0	10152	1	43.04074000951907	SimBa
1170	Q0	5708	1	41.458414347529036	SimBa
1171	Q0	4486	1	47.74615513406962	SimBa
1171	Q0	9158	1	38.21643302141	SimBa
1171	Q0	4490	1	37.86255118258468	SimBa
1171	Q0	4483	1	37.527594300756	SimBa
1171	Q0	8288	1	37.31780581259889	SimBa
1172	Q0	3214	1	47.80132607412069	SimBa
1172	Q0	7374	1	37.865372147145884	SimBa
1172	Q0	3589	1	36.56666397653477	SimBa
1172	Q0	8779	1	36.49688313238445	SimBa
1172	Q0	3480	1	36.325849250969355	SimBa
1173	Q0	3214	1	57.90893372163305	SimBa
1173	Q0	6957	1	43.36417094435138	SimBa
1173	Q0	3480	1	42.90894735503027	SimBa
1173	Q0	2253	1	42.50549030124287	SimBa
1173	Q0	5425	1	42.32116508951208	SimBa
1174	Q0	5338	1	47.6607261199145	SimBa
1174	Q0	3417	1	40.857845309292976	SimBa
1174	Q0	8133	1	38.76716758373626	SimBa
1174	Q0	6782	1	38.30469132194411	SimBa
1174	Q0	9092	1	38.26469192963909	SimBa
1175	Q0	8195	1	44.31656317807165	SimBa
1175	Q0	4557	1	38.99507268689715	SimBa
1175	Q0	3975	1	38.873765027141026	SimBa
1175	Q0	3214	1	37.50766823856359	SimBa
1175	Q0	3589	1	37.03204045643178	SimBa
1176	Q0	8135	1	58.53410109718237	SimBa
1176	Q0	8122	1	42.27999249339423	SimBa
1176	Q0	6398	1	40.387519339639404	SimBa
1176	Q0	4754	1	39.29523309583001	SimBa
1176	Q0	5119	1	39.14559376130938	SimBa
1177	Q0	7999	1	40.77565144677144	SimBa
1177	Q0	9385	1	38.43226699289476	SimBa
1177	Q0	692	1	38.33194413935219	SimBa
1177	Q0	3389	1	38.06484889536077	SimBa
1177	Q0	744	1	38.044191300451615	SimBa
1178	Q0	9116	1	68.212293093605	SimBa
1178	Q0	4896	1	42.60135421301715	SimBa
1178	Q0	1825	1	41.453094467204	SimBa
1178	Q0	423	1	39.62879832325216	SimBa
1178	Q0	9870	1	39.41795477153571	SimBa
1179	Q0	3710	1	66.84006166958011	SimBa
1179	Q0	771	1	42.969213710509116	SimBa
1179	Q0	7693	1	42.501255792099485	SimBa
1179	Q0	7712	1	42.220312136223065	SimBa
1179	Q0	7722	1	41.17138301393776	SimBa
1180	Q0	5859	1	51.575645191834866	SimBa
1180	Q0	8078	1	38.49520626660358	SimBa
1180	Q0	7801	1	38.02605600174873	SimBa
1180	Q0	4583	1	37.9813385316683	SimBa
1180	Q0	2570	1	37.57179374461585	SimBa
1181	Q0	5442	1	48.83419544603101	SimBa
1181	Q0	2008	1	44.466773124288295	SimBa
1181	Q0	5413	1	42.030680513371685	SimBa
1181	Q0	2237	1	41.98092123428775	SimBa
1181	Q0	5434	1	40.79823241284748	SimBa
1182	Q0	5435	1	72.87445695848761	SimBa
1182	Q0	355	1	54.366207371838804	SimBa
1182	Q0	5991	1	51.74789895848039	SimBa
1182	Q0	4821	1	49.86221309287851	SimBa
1182	Q0	778	1	49.49308724100741	SimBa
1183	Q0	8162	1	59.588652354133984	SimBa
1183	Q0	4162	1	49.625358165056305	SimBa
1183	Q0	863	1	47.52584869605377	SimBa
1183	Q0	9422	1	46.98319602234411	SimBa
1183	Q0	9046	1	45.18617121286557	SimBa
1184	Q0	4540	1	60.94722079450743	SimBa
1184	Q0	27	1	42.486271758393464	SimBa
1184	Q0	8139	1	42.00473688409152	SimBa
1184	Q0	3306	1	39.63131418414956	SimBa
1184	Q0	1069	1	39.37259953584061	SimBa
1185	Q0	9849	1	53.061900717167816	SimBa
1185	Q0	852	1	38.7135255748695	SimBa
1185	Q0	9426	1	38.53714479520326	SimBa
1185	Q0	3306	1	37.7445503435944	SimBa
1185	Q0	5424	1	37.634282646484664	SimBa
1186	Q0	4540	1	56.44225501087131	SimBa
1186	Q0	8139	1	47.34944952843807	SimBa
1186	Q0	6224	1	40.00670589252003	SimBa
1186	Q0	161	1	39.77807848307922	SimBa
1186	Q0	5449	1	38.64695633893322	SimBa
1187	Q0	7764	1	61.2499325820427	SimBa
1187	Q0	7687	1	43.37834009220468	SimBa
1187	Q0	7762	1	42.96822159732967	SimBa
1187	Q0	7767	1	41.310089249899946	SimBa
1187	Q0	1951	1	41.28927727654017	SimBa
1188	Q0	6278	1	57.911830980005746	SimBa
1188	Q0	4980	1	42.11946979008947	SimBa
1188	Q0	3874	1	40.24938752464024	SimBa
1188	Q0	2031	1	39.154869496068635	SimBa
1188	Q0	6275	1	38.99232921263555	SimBa
1189	Q0	9420	1	51.160285451385676	SimBa
1189	Q0	8006	1	41.515500168210856	SimBa
1189	Q0	5687	1	40.4101372488298	SimBa
1189	Q0	8003	1	40.235537819177274	SimBa
1189	Q0	196	1	39.28621308086613	SimBa
1190	Q0	4513	1	58.723925919542125	SimBa
1190	Q0	5431	1	47.40352651775956	SimBa
1190	Q0	5430	1	42.290804948023386	SimBa
1190	Q0	8422	1	41.54898639772503	SimBa
1190	Q0	5434	1	40.70354741689956	SimBa
1191	Q0	3864	1	66.52402603398835	SimBa
1191	Q0	3865	1	42.492935407760484	SimBa
1191	Q0	10124	1	42.369228729580655	SimBa
1191	Q0	2047	1	42.28533628546717	SimBa
1191	Q0	2707	1	39.39419134163479	SimBa
1192	Q0	579	1	53.904432599324615	SimBa
1192	Q0	4722	1	44.006712233306956	SimBa
1192	Q0	236	1	36.65933449231413	SimBa
1192	Q0	2286	1	36.07571356336719	SimBa
1192	Q0	9397	1	35.48668043437535	SimBa
1193	Q0	579	1	47.302276058256915	SimBa
1193	Q0	4722	1	39.1291418308909	SimBa
1193	Q0	2286	1	37.80446232438321	SimBa
1193	Q0	4092	1	37.432119429444725	SimBa
1193	Q0	9397	1	36.58338005219426	SimBa
1194	Q0	9588	1	49.54196675954951	SimBa
1194	Q0	7422	1	39.18029926286864	SimBa
1194	Q0	66	1	35.219437853699944	SimBa
1194	Q0	1991	1	34.92507022750391	SimBa
1194	Q0	7153	1	34.38181603095639	SimBa
1195	Q0	5455	1	48.35539672788867	SimBa
1195	Q0	450	1	44.323681853040206	SimBa
1195	Q0	5448	1	44.08119777744224	SimBa
1195	Q0	5461	1	44.005314621296506	SimBa
1195	Q0	5980	1	43.353531052199465	SimBa
1196	Q0	5338	1	55.375878314310384	SimBa
1196	Q0	1008	1	40.293851542575574	SimBa
1196	Q0	9706	1	39.83427722188267	SimBa
1196	Q0	9092	1	39.62063890646988	SimBa
1196	Q0	3417	1	39.580255377124445	SimBa
1197	Q0	5553	1	48.89871897294778	SimBa
1197	Q0	467	1	39.53668798943782	SimBa
1197	Q0	9556	1	37.2054557872613	SimBa
1197	Q0	6309	1	36.8291325191889	SimBa
1197	Q0	9945	1	36.33959471608435	SimBa
1198	Q0	9807	1	51.89420636765066	SimBa
1198	Q0	8179	1	38.58069176433219	SimBa
1198	Q0	2458	1	38.20108477601676	SimBa
1198	Q0	7394	1	38.19794140809689	SimBa
1198	Q0	3345	1	37.961932286298925	SimBa
